old_url,local_file,width,height,alt,used_on,cloudinary_public_id
https://formworkforconcrete.com/wp-content/uploads/2023/08/formwork-concrete-design-oceanbim-nfpc1-jpg.webp,,842,595,,home,formworkforconcrete.com/pages/formwork-concrete-design-oceanbim-nfpc1-jpg
https://formworkforconcrete.com/wp-content/uploads/2023/08/Formwork-Core-walls-1-jpg-e1726644404291.webp,,819,565,,home,formworkforconcrete.com/pages/Formwork-Core-walls-1-jpg-e1726644404291
https://formworkforconcrete.com/wp-content/uploads/2023/08/Formwork-walls-gang-form-1.jpg,,842,595,,home,formworkforconcrete.com/pages/Formwork-walls-gang-form-1
https://formworkforconcrete.com/wp-content/uploads/2024/03/Doka_logo_web-jpg.webp,,472,185,Doka 3D formwork system being assembled on site,home,formworkforconcrete.com/systems/Doka_logo_web-jpg
https://formworkforconcrete.com/wp-content/uploads/2024/04/FormworkForConcrete-e1726569806563.png,,475,52,formwork-for-concrete-design,site,formworkforconcrete.com/brand/FormworkForConcrete-e1726569806563
https://formworkforconcrete.com/wp-content/uploads/2024/09/concrete-formowrk-walls.png,,1371,1093,,home,formworkforconcrete.com/pages/concrete-formowrk-walls
https://formworkforconcrete.com/wp-content/uploads/2024/09/concrete-formwork-structure_ko6gyp-jpg-e1726481630110.webp,,395,408,,site,formworkforconcrete.com/pages/concrete-formwork-structure_ko6gyp-jpg-e1726481630110
https://formworkforconcrete.com/wp-content/uploads/2024/09/construction-worker-leveling-wet-cement-into-wood-min-scaled.webp,,2560,1707,,home pages,formworkforconcrete.com/pages/construction-worker-leveling-wet-cement-into-wood-min-scaled
https://formworkforconcrete.com/wp-content/uploads/2024/09/formwork-concrete-detail-panel-jpg.webp,,727,582,Formwork design drawing with detailed breakdown,home,formworkforconcrete.com/pages/formwork-concrete-detail-panel-jpg
https://formworkforconcrete.com/wp-content/uploads/2024/09/formwork-concrete-formwork-detailing-jpg.webp,,727,582,Detailed 3D formwork design for complex industrial concrete structure,home,formworkforconcrete.com/pages/formwork-concrete-formwork-detailing-jpg
https://formworkforconcrete.com/wp-content/uploads/2024/09/formwork-concrete-model-3D-jpg.webp,,727,582,3D BIM model of custom concrete formwork design for residential building,home,formworkforconcrete.com/pages/formwork-concrete-model-3D-jpg
https://formworkforconcrete.com/wp-content/uploads/2024/09/formwork-concrete-phases-jpg.webp,,727,582,Formwork design drawing with phasing joint details,home,formworkforconcrete.com/pages/formwork-concrete-phases-jpg
https://formworkforconcrete.com/wp-content/uploads/2024/09/formwork-concrete-schedule-jpg.webp,,727,582,Formwork design drawing with detailed schedule breakdown,home,formworkforconcrete.com/pages/formwork-concrete-schedule-jpg
https://formworkforconcrete.com/wp-content/uploads/2024/09/formwork-for-concrete-on-the-structure-min-scaled.webp,,2560,1709,,home,formworkforconcrete.com/pages/formwork-for-concrete-on-the-structure-min-scaled
https://formworkforconcrete.com/wp-content/uploads/2024/09/formwork-for-concrete-planning-min-scaled.webp,,2560,1707,,site,formworkforconcrete.com/pages/formwork-for-concrete-planning-min-scaled
https://formworkforconcrete.com/wp-content/uploads/2024/09/formwork-for-concrete-scaffolding-min.png,,2048,2048,Detailed formwork design drawing with scaffolding support,home,formworkforconcrete.com/pages/formwork-for-concrete-scaffolding-min
https://formworkforconcrete.com/wp-content/uploads/2024/10/ajax-foundation-concrete-formwork-cover_anloro-jpg.webp,,891,675,Ajax Tocco furnace foundation formwork design,project:ajax-foundation,formworkforconcrete.com/projects/ajax-foundation-concrete-formwork-cover_anloro-jpg
https://formworkforconcrete.com/wp-content/uploads/2024/10/construction-of-the-stadium-aerial-view-min-scaled.webp,,2560,1920,,pages,formworkforconcrete.com/pages/construction-of-the-stadium-aerial-view-min-scaled
https://formworkforconcrete.com/wp-content/uploads/2024/10/construction-worker-using-trowel-on-wet-cement-for-min-scaled.jpg,,2560,1707,Close-up of plywood panels cut for formwork applications,post:designing-formwork-for-concrete-with-wood-lumber-panels,formworkforconcrete.com/posts/construction-worker-using-trowel-on-wet-cement-for-min-scaled
https://formworkforconcrete.com/wp-content/uploads/2024/10/formwork-concrete-design-pourmap-1.jpg,,842,595,Construction Joint Layout,post:formwork-shop-drawings-and-construction-joint-layout,formworkforconcrete.com/posts/formwork-concrete-design-pourmap-1
https://formworkforconcrete.com/wp-content/uploads/2024/10/formwork-concrete-design-pourmap-2.jpg,,842,595,Concrete pour map and sequencing plan for formwork design,post:formwork-shop-drawings-and-construction-joint-layout,formworkforconcrete.com/posts/formwork-concrete-design-pourmap-2
https://formworkforconcrete.com/wp-content/uploads/2024/10/formwork-lake-structure-3d-1-jpg.webp,,842,595,Outlet Spillway Dam: formwork drawing 1,project:outlet-spillway-dam,formworkforconcrete.com/projects/formwork-lake-structure-3d-1-jpg
https://formworkforconcrete.com/wp-content/uploads/2024/10/formwork-lake-structure-plan-1-jpg.webp,,842,595,Outlet Spillway Dam: formwork drawing 2,project:outlet-spillway-dam,formworkforconcrete.com/projects/formwork-lake-structure-plan-1-jpg
https://formworkforconcrete.com/wp-content/uploads/2024/10/formwork-new-building-doka-3d-jpg.webp,,842,595,3D Doka formwork model for the multi-story villa slab,project:formwork-new-house-doka,formworkforconcrete.com/projects/formwork-new-building-doka-3d-jpg
https://formworkforconcrete.com/wp-content/uploads/2024/10/formwork-new-building-doka-plan-1-jpg.webp,,842,595,New House Building: formwork drawing 1,post:formwork-design-for-a-suspended-concrete-slab project:formwork-new-house-doka,formworkforconcrete.com/projects/formwork-new-building-doka-plan-1-jpg
https://formworkforconcrete.com/wp-content/uploads/2024/10/formwork-new-building-doka-plan-2-jpg.webp,,842,595,New House Building: formwork drawing 2,project:formwork-new-house-doka,formworkforconcrete.com/projects/formwork-new-building-doka-plan-2-jpg
https://formworkforconcrete.com/wp-content/uploads/2024/10/formwork-new-building-doka-plan-3-jpg.webp,,842,595,New House Building: formwork drawing 3,project:formwork-new-house-doka,formworkforconcrete.com/projects/formwork-new-building-doka-plan-3-jpg
https://formworkforconcrete.com/wp-content/uploads/2024/10/formwork-new-building-doka-section-1-jpg.webp,,842,595,New House Building: formwork drawing 4,post:formwork-design-for-a-suspended-concrete-slab project:formwork-new-house-doka,formworkforconcrete.com/projects/formwork-new-building-doka-section-1-jpg
https://formworkforconcrete.com/wp-content/uploads/2024/10/formwork-pretreatment-structure-3d-1-jpg.webp,,842,595,3D formwork model of the pretreatment structure foundation and intermediate slab,project:pretreatment-structure-foudation-and-intermediate,formworkforconcrete.com/projects/formwork-pretreatment-structure-3d-1-jpg
https://formworkforconcrete.com/wp-content/uploads/2024/10/formwork-pretreatment-structure-plan-1-jpg.webp,,842,595,Pretreatment Structure Foundation and Intermediate Slab: formwork drawing 1,project:pretreatment-structure-foudation-and-intermediate,formworkforconcrete.com/projects/formwork-pretreatment-structure-plan-1-jpg
https://formworkforconcrete.com/wp-content/uploads/2024/10/formwork-pretreatment-structure-plan-2-jpg.webp,,842,595,Pretreatment Structure Foundation and Intermediate Slab: formwork drawing 2,project:pretreatment-structure-foudation-and-intermediate,formworkforconcrete.com/projects/formwork-pretreatment-structure-plan-2-jpg
https://formworkforconcrete.com/wp-content/uploads/2024/10/formwork-pretreatment-structure-plan-3-jpg.webp,,842,595,Pretreatment Structure Foundation and Intermediate Slab: formwork drawing 4,project:pretreatment-structure-foudation-and-intermediate,formworkforconcrete.com/projects/formwork-pretreatment-structure-plan-3-jpg
https://formworkforconcrete.com/wp-content/uploads/2024/10/formwork-pretreatment-structure-section-1-jpg.webp,,842,595,Pretreatment Structure Foundation and Intermediate Slab: formwork drawing 3,project:pretreatment-structure-foudation-and-intermediate,formworkforconcrete.com/projects/formwork-pretreatment-structure-section-1-jpg
https://formworkforconcrete.com/wp-content/uploads/2024/10/formwork-project-floor-plan-1-1-jpg.webp,,842,595,Formwork Belle Projects: formwork drawing 4,project:formwork-belle-project,formworkforconcrete.com/projects/formwork-project-floor-plan-1-1-jpg
https://formworkforconcrete.com/wp-content/uploads/2024/10/formwork-project-floor-plan-1-jpg.webp,,842,595,Formwork Belle Projects: formwork drawing 2,project:formwork-belle-project,formworkforconcrete.com/projects/formwork-project-floor-plan-1-jpg
https://formworkforconcrete.com/wp-content/uploads/2024/10/formwork-project-floor-plan-2-jpg.webp,,842,595,Formwork Belle Projects: formwork drawing 1,project:formwork-belle-project,formworkforconcrete.com/projects/formwork-project-floor-plan-2-jpg
https://formworkforconcrete.com/wp-content/uploads/2024/10/formwork-project-floor-section-1-jpg.webp,,842,595,Formwork Belle Projects: formwork drawing 3,project:formwork-belle-project,formworkforconcrete.com/projects/formwork-project-floor-section-1-jpg
https://formworkforconcrete.com/wp-content/uploads/2024/10/formwork-supports-the-second-floor-of-a-monolithic-min-scaled.webp,,2560,1707,Expert formwork design services for robust concrete construction,post:formwork-design-for-a-suspended-concrete-slab,formworkforconcrete.com/posts/formwork-supports-the-second-floor-of-a-monolithic-min-scaled
https://formworkforconcrete.com/wp-content/uploads/2024/10/handmade-scaffolding-with-wooden-beams-and-bars-in-min-scaled.jpg,,2560,1706,Design layout of concrete formwork made from wood lumber and plywood panels,post:designing-formwork-for-concrete-with-wood-lumber-panels,formworkforconcrete.com/posts/handmade-scaffolding-with-wooden-beams-and-bars-in-min-scaled
https://formworkforconcrete.com/wp-content/uploads/2024/10/high-rise-building-under-construction-min-scaled.webp,,2560,1707,,pages,formworkforconcrete.com/pages/high-rise-building-under-construction-min-scaled
https://formworkforconcrete.com/wp-content/uploads/2024/10/house-or-villa-under-construction-using-modern-tec-min-scaled.webp,,2560,1707,,pages,formworkforconcrete.com/pages/house-or-villa-under-construction-using-modern-tec-min-scaled
https://formworkforconcrete.com/wp-content/uploads/2024/10/kyle-damp-concrete-formwork-min_hwrqaj-jpg.webp,,975,708,Kyle Dam retaining wall gang form design,project:kyle-dam-foundation,formworkforconcrete.com/projects/kyle-damp-concrete-formwork-min_hwrqaj-jpg
https://formworkforconcrete.com/wp-content/uploads/2024/10/logo.png,,215,80,Steel-Ply formwork system components,home,formworkforconcrete.com/systems/logo
https://formworkforconcrete.com/wp-content/uploads/2024/10/mbr-concrete-formwork_dylwgi-jpg.webp,,1082,771,BRB and MBR structure formwork design,project:brb-mbr-structure,formworkforconcrete.com/projects/mbr-concrete-formwork_dylwgi-jpg
https://formworkforconcrete.com/wp-content/uploads/2024/10/Modular-Steel-Construction-min.png,,2048,2048,,home,formworkforconcrete.com/systems/Modular-Steel-Construction-min
https://formworkforconcrete.com/wp-content/uploads/2024/10/nfpc-concrete-formwork_kdk8fo-jpg.webp,,833,722,Pietro Carnaghi machine foundation formwork design,project:formwork-peitro-carnaghi-foudation,formworkforconcrete.com/projects/nfpc-concrete-formwork_kdk8fo-jpg
https://formworkforconcrete.com/wp-content/uploads/2024/10/ptf_formwork_3d-1-jpg.webp,,2447,2093,3D formwork model of the Belle villa slab structure,project:formwork-belle-project,formworkforconcrete.com/projects/ptf_formwork_3d-1-jpg
https://formworkforconcrete.com/wp-content/uploads/2024/10/ptf-concrete-formwork_hmlbfb-jpg.webp,,1014,774,Preliminary treatment facility formwork design,project:formwork-preliminary-treatment-facility,formworkforconcrete.com/projects/ptf-concrete-formwork_hmlbfb-jpg
https://formworkforconcrete.com/wp-content/uploads/2024/10/rebar-lake-structure-plan-1-jpg.webp,,842,595,Outlet Spillway Dam: formwork drawing 3,project:outlet-spillway-dam,formworkforconcrete.com/projects/rebar-lake-structure-plan-1-jpg
https://formworkforconcrete.com/wp-content/uploads/2024/10/rebar-lake-structure-plan-2-jpg.webp,,842,595,Outlet Spillway Dam: formwork drawing 4,project:outlet-spillway-dam,formworkforconcrete.com/projects/rebar-lake-structure-plan-2-jpg
https://formworkforconcrete.com/wp-content/uploads/2024/10/Scaffold-min.png,,2048,2048,Scaffolding formwork structure for concrete construction,home,formworkforconcrete.com/pages/Scaffold-min
https://formworkforconcrete.com/wp-content/uploads/2024/10/soloform-concrete-formwork_shp7t0-jpg.webp,,916,717,Soloform elevator core wall formwork design,project:formwork-core-walls,formworkforconcrete.com/projects/soloform-concrete-formwork_shp7t0-jpg
https://formworkforconcrete.com/wp-content/uploads/2024/10/spillway-overview.png,,758,567,Overview of the outlet spillway dam structure,project:outlet-spillway-dam,formworkforconcrete.com/projects/spillway-overview
https://formworkforconcrete.com/wp-content/uploads/2024/10/wpcp-concrete-formwork_kbjd7q-jpg.webp,,940,709,Spring Creek effluent chamber formwork design,project:formwork-spring-creek-auxiliary-foundation,formworkforconcrete.com/projects/wpcp-concrete-formwork_kbjd7q-jpg
https://formworkforconcrete.com/wp-content/uploads/2024/11/architects-and-engineers-are-working-together-to-e-min-scaled.jpg,,2560,1707,formwork-design-service,post:find-expert-formwork-engineers-and-designers-for-your-project,formworkforconcrete.com/posts/architects-and-engineers-are-working-together-to-e-min-scaled
https://formworkforconcrete.com/wp-content/uploads/2024/11/standing-with-grinding-machine-in-hands-man-in-un-min-scaled.jpg,,2560,1703,formwork-design-service,post:find-expert-formwork-engineers-and-designers-for-your-project,formworkforconcrete.com/posts/standing-with-grinding-machine-in-hands-man-in-un-min-scaled
https://formworkforconcrete.com/wp-content/uploads/2025/03/Design-Formwork-and-Scaffolding-Components.jpeg,,1024,683,Design Formwork and Scaffolding Components,post:how-to-design-formwork-and-scaffolding-components,formworkforconcrete.com/posts/Design-Formwork-and-Scaffolding-Components
https://formworkforconcrete.com/wp-content/uploads/2025/03/formwork-design-component.jpeg,,1024,681,formwork-design-component,post:how-to-design-formwork-and-scaffolding-components,formworkforconcrete.com/posts/formwork-design-component
https://formworkforconcrete.com/wp-content/uploads/2025/03/pouring-concrete.jpeg,,1024,683,Monitor During and After Concrete Pouring,post:how-to-design-formwork-and-scaffolding-components,formworkforconcrete.com/posts/pouring-concrete
https://i.ytimg.com/vi/USFsVL9uJtM/maxresdefault.jpg,,1280,720,,home,formworkforconcrete.com/home/video-USFsVL9uJtM-maxresdefault
https://res.cloudinary.com/oceanbim/image/upload/v1670405255/marketing/Web%20design/FormworkForConcrete/Projects/Ajax%20foundation/ajax-foundation-concrete-formwork-cover_anloro.jpg,,891,675,,home,marketing/Web design/FormworkForConcrete/Projects/Ajax foundation/ajax-foundation-concrete-formwork-cover_anloro
https://res.cloudinary.com/oceanbim/image/upload/v1670491996/marketing/Web%20design/FormworkForConcrete/Projects/Kyle%20Dam/kyle-damp-concrete-formwork-min_hwrqaj.jpg,,975,708,,home,marketing/Web design/FormworkForConcrete/Projects/Kyle Dam/kyle-damp-concrete-formwork-min_hwrqaj
https://res.cloudinary.com/oceanbim/image/upload/v1670492032/marketing/Web%20design/FormworkForConcrete/Projects/MBR/mbr-concrete-formwork_dylwgi.jpg,,1082,771,,home,marketing/Web design/FormworkForConcrete/Projects/MBR/mbr-concrete-formwork_dylwgi
https://res.cloudinary.com/oceanbim/image/upload/v1670492051/marketing/Web%20design/FormworkForConcrete/Projects/PTF/ptf-concrete-formwork_hmlbfb.jpg,,1014,774,,home,marketing/Web design/FormworkForConcrete/Projects/PTF/ptf-concrete-formwork_hmlbfb
https://res.cloudinary.com/oceanbim/image/upload/v1670492070/marketing/Web%20design/FormworkForConcrete/Projects/Soloform/soloform-concrete-formwork_shp7t0.jpg,,916,717,,home,marketing/Web design/FormworkForConcrete/Projects/Soloform/soloform-concrete-formwork_shp7t0
https://res.cloudinary.com/oceanbim/image/upload/v1670558772/marketing/Web%20design/FormworkForConcrete/Projects/NFPC/nfpc-concrete-formwork_kdk8fo.jpg,,833,722,,home,marketing/Web design/FormworkForConcrete/Projects/NFPC/nfpc-concrete-formwork_kdk8fo
https://res.cloudinary.com/oceanbim/image/upload/v1670571264/marketing/Web%20design/FormworkForConcrete/Projects/Ajax%20foundation/formwork-concrete-design-oceanbim-ajax1_ybdpps.jpg,,842,595,Isometric drawing of general formwork design for construction project,project:ajax-foundation,marketing/Web design/FormworkForConcrete/Projects/Ajax foundation/formwork-concrete-design-oceanbim-ajax1_ybdpps
https://res.cloudinary.com/oceanbim/image/upload/v1670571264/marketing/Web%20design/FormworkForConcrete/Projects/Ajax%20foundation/formwork-concrete-design-oceanbim-ajax3_ox3hdy.jpg,,842,595,Ajax Tocco 85 Ton Furnace Foundation: formwork drawing 1,project:ajax-foundation,marketing/Web design/FormworkForConcrete/Projects/Ajax foundation/formwork-concrete-design-oceanbim-ajax3_ox3hdy
https://res.cloudinary.com/oceanbim/image/upload/v1670571264/marketing/Web%20design/FormworkForConcrete/Projects/Ajax%20foundation/formwork-concrete-design-oceanbim-ajax4_o0icgl.jpg,,842,595,General formwork layout drawing for concrete wall construction,project:ajax-foundation,marketing/Web design/FormworkForConcrete/Projects/Ajax foundation/formwork-concrete-design-oceanbim-ajax4_o0icgl
https://res.cloudinary.com/oceanbim/image/upload/v1670571266/marketing/Web%20design/FormworkForConcrete/Projects/Ajax%20foundation/formwork-concrete-design-oceanbim-ajax2_jhyofb.jpg,,842,595,Section view of wall formwork,project:ajax-foundation,marketing/Web design/FormworkForConcrete/Projects/Ajax foundation/formwork-concrete-design-oceanbim-ajax2_jhyofb
https://res.cloudinary.com/oceanbim/image/upload/v1670571276/marketing/Web%20design/FormworkForConcrete/Projects/Kyle%20Dam/formwork-concrete-design-oceanbim-kyle2_xp9c7m.jpg,,842,595,Kyle Dam: formwork drawing 3,project:kyle-dam-foundation,marketing/Web design/FormworkForConcrete/Projects/Kyle Dam/formwork-concrete-design-oceanbim-kyle2_xp9c7m
https://res.cloudinary.com/oceanbim/image/upload/v1670571276/marketing/Web%20design/FormworkForConcrete/Projects/Kyle%20Dam/formwork-concrete-design-oceanbim-kyle3_i9ofas.jpg,,842,595,Kyle Dam: formwork drawing 1,project:kyle-dam-foundation,marketing/Web design/FormworkForConcrete/Projects/Kyle Dam/formwork-concrete-design-oceanbim-kyle3_i9ofas
https://res.cloudinary.com/oceanbim/image/upload/v1670571276/marketing/Web%20design/FormworkForConcrete/Projects/Kyle%20Dam/formwork-concrete-design-oceanbim-kyle4_pr1kac.jpg,,842,595,Kyle Dam: formwork drawing 2,project:kyle-dam-foundation,marketing/Web design/FormworkForConcrete/Projects/Kyle Dam/formwork-concrete-design-oceanbim-kyle4_pr1kac
https://res.cloudinary.com/oceanbim/image/upload/v1670571277/marketing/Web%20design/FormworkForConcrete/Projects/Kyle%20Dam/formwork-concrete-design-oceanbim-kyle1_snlxie.jpg,,842,595,Kyle Dam: formwork drawing 4,project:kyle-dam-foundation,marketing/Web design/FormworkForConcrete/Projects/Kyle Dam/formwork-concrete-design-oceanbim-kyle1_snlxie
https://res.cloudinary.com/oceanbim/image/upload/v1670571303/marketing/Web%20design/FormworkForConcrete/Projects/PTF/formwork-concrete-design-oceanbim-ptf2_sga0t2.jpg,,842,595,Preliminary Treatment Facility: formwork drawing 3,project:formwork-preliminary-treatment-facility,marketing/Web design/FormworkForConcrete/Projects/PTF/formwork-concrete-design-oceanbim-ptf2_sga0t2
https://res.cloudinary.com/oceanbim/image/upload/v1670571303/marketing/Web%20design/FormworkForConcrete/Projects/PTF/formwork-concrete-design-oceanbim-ptf3_ngu4bv.jpg,,842,595,Preliminary Treatment Facility: formwork drawing 4,project:formwork-preliminary-treatment-facility,marketing/Web design/FormworkForConcrete/Projects/PTF/formwork-concrete-design-oceanbim-ptf3_ngu4bv
https://res.cloudinary.com/oceanbim/image/upload/v1670571303/marketing/Web%20design/FormworkForConcrete/Projects/PTF/formwork-concrete-design-oceanbim-ptf4_ifkbcw.jpg,,842,595,Preliminary Treatment Facility: formwork drawing 2,project:formwork-preliminary-treatment-facility,marketing/Web design/FormworkForConcrete/Projects/PTF/formwork-concrete-design-oceanbim-ptf4_ifkbcw
https://res.cloudinary.com/oceanbim/image/upload/v1670571304/marketing/Web%20design/FormworkForConcrete/Projects/PTF/formwork-concrete-design-oceanbim-ptf1_j0j089.jpg,,842,595,Preliminary Treatment Facility: formwork drawing 1,project:formwork-preliminary-treatment-facility,marketing/Web design/FormworkForConcrete/Projects/PTF/formwork-concrete-design-oceanbim-ptf1_j0j089
https://res.cloudinary.com/oceanbim/image/upload/v1670571320/marketing/Web%20design/FormworkForConcrete/Projects/NFPC/formwork-concrete-design-oceanbim-nfpc2_cbobb8.jpg,,842,595,Pietro Carnaghi Foundation: formwork drawing 3,project:formwork-peitro-carnaghi-foudation,marketing/Web design/FormworkForConcrete/Projects/NFPC/formwork-concrete-design-oceanbim-nfpc2_cbobb8
https://res.cloudinary.com/oceanbim/image/upload/v1670571320/marketing/Web%20design/FormworkForConcrete/Projects/NFPC/formwork-concrete-design-oceanbim-nfpc3_vh2qao.jpg,,842,595,Pietro Carnaghi Foundation: formwork drawing 2,project:formwork-peitro-carnaghi-foudation,marketing/Web design/FormworkForConcrete/Projects/NFPC/formwork-concrete-design-oceanbim-nfpc3_vh2qao
https://res.cloudinary.com/oceanbim/image/upload/v1670571320/marketing/Web%20design/FormworkForConcrete/Projects/NFPC/formwork-concrete-design-oceanbim-nfpc4_hbjtxs.jpg,,842,595,Pietro Carnaghi Foundation: formwork drawing 4,project:formwork-peitro-carnaghi-foudation,marketing/Web design/FormworkForConcrete/Projects/NFPC/formwork-concrete-design-oceanbim-nfpc4_hbjtxs
https://res.cloudinary.com/oceanbim/image/upload/v1670571321/marketing/Web%20design/FormworkForConcrete/Projects/NFPC/formwork-concrete-design-oceanbim-nfpc1_phte6r.jpg,,842,595,Pietro Carnaghi Foundation: formwork drawing 1,project:formwork-peitro-carnaghi-foudation,marketing/Web design/FormworkForConcrete/Projects/NFPC/formwork-concrete-design-oceanbim-nfpc1_phte6r
https://res.cloudinary.com/oceanbim/image/upload/v1670571341/marketing/Web%20design/FormworkForConcrete/Projects/Soloform/formwork-concrete-design-oceanbim-solo2_rypaey.jpg,,842,595,Elevator Walls: formwork drawing 2,project:formwork-core-walls,marketing/Web design/FormworkForConcrete/Projects/Soloform/formwork-concrete-design-oceanbim-solo2_rypaey
https://res.cloudinary.com/oceanbim/image/upload/v1670571341/marketing/Web%20design/FormworkForConcrete/Projects/Soloform/formwork-concrete-design-oceanbim-solo3_u4ymk2.jpg,,842,595,Elevator Walls: formwork drawing 3,project:formwork-core-walls,marketing/Web design/FormworkForConcrete/Projects/Soloform/formwork-concrete-design-oceanbim-solo3_u4ymk2
https://res.cloudinary.com/oceanbim/image/upload/v1670571341/marketing/Web%20design/FormworkForConcrete/Projects/Soloform/formwork-concrete-design-oceanbim-solo4_euux3b.jpg,,842,595,Elevator Walls: formwork drawing 1,project:formwork-core-walls,marketing/Web design/FormworkForConcrete/Projects/Soloform/formwork-concrete-design-oceanbim-solo4_euux3b
https://res.cloudinary.com/oceanbim/image/upload/v1670571342/marketing/Web%20design/FormworkForConcrete/Projects/Soloform/formwork-concrete-design-oceanbim-solo1_up2ttq.jpg,,842,595,Elevator Walls: formwork drawing 4,project:formwork-core-walls,marketing/Web design/FormworkForConcrete/Projects/Soloform/formwork-concrete-design-oceanbim-solo1_up2ttq
https://res.cloudinary.com/oceanbim/image/upload/v1670571355/marketing/Web%20design/FormworkForConcrete/Projects/WPCP/formwork-concrete-design-oceanbim-wpcp2_e0rg8t.jpg,,842,595,Spring Creek Auxiliary Foundation: formwork drawing 2,project:formwork-spring-creek-auxiliary-foundation,marketing/Web design/FormworkForConcrete/Projects/WPCP/formwork-concrete-design-oceanbim-wpcp2_e0rg8t
https://res.cloudinary.com/oceanbim/image/upload/v1670571355/marketing/Web%20design/FormworkForConcrete/Projects/WPCP/formwork-concrete-design-oceanbim-wpcp3_kbfax8.jpg,,842,595,Spring Creek Auxiliary Foundation: formwork drawing 3,project:formwork-spring-creek-auxiliary-foundation,marketing/Web design/FormworkForConcrete/Projects/WPCP/formwork-concrete-design-oceanbim-wpcp3_kbfax8
https://res.cloudinary.com/oceanbim/image/upload/v1670571355/marketing/Web%20design/FormworkForConcrete/Projects/WPCP/formwork-concrete-design-oceanbim-wpcp4_uqks86.jpg,,842,595,Spring Creek Auxiliary Foundation: formwork drawing 1,project:formwork-spring-creek-auxiliary-foundation,marketing/Web design/FormworkForConcrete/Projects/WPCP/formwork-concrete-design-oceanbim-wpcp4_uqks86
https://res.cloudinary.com/oceanbim/image/upload/v1670571356/marketing/Web%20design/FormworkForConcrete/Projects/WPCP/formwork-concrete-design-oceanbim-wpcp1_r13qiv.jpg,,842,595,Spring Creek Auxiliary Foundation: formwork drawing 4,project:formwork-spring-creek-auxiliary-foundation,marketing/Web design/FormworkForConcrete/Projects/WPCP/formwork-concrete-design-oceanbim-wpcp1_r13qiv
https://res.cloudinary.com/oceanbim/image/upload/v1670585680/marketing/Web%20design/FormworkForConcrete/Projects/MBR/formwork-concrete-design-oceanbim-mbr2_d04dy1.jpg,,842,595,BRB & MBR Structure: formwork drawing 4,project:brb-mbr-structure,marketing/Web design/FormworkForConcrete/Projects/MBR/formwork-concrete-design-oceanbim-mbr2_d04dy1
https://res.cloudinary.com/oceanbim/image/upload/v1670585680/marketing/Web%20design/FormworkForConcrete/Projects/MBR/formwork-concrete-design-oceanbim-mbr3_wdrofe.jpg,,842,595,BRB & MBR Structure: formwork drawing 3,project:brb-mbr-structure,marketing/Web design/FormworkForConcrete/Projects/MBR/formwork-concrete-design-oceanbim-mbr3_wdrofe
https://res.cloudinary.com/oceanbim/image/upload/v1670585680/marketing/Web%20design/FormworkForConcrete/Projects/MBR/formwork-concrete-design-oceanbim-mbr4_cdlkxk.jpg,,842,595,Detailed formwork design drawing for concrete slabs,project:brb-mbr-structure,marketing/Web design/FormworkForConcrete/Projects/MBR/formwork-concrete-design-oceanbim-mbr4_cdlkxk
https://res.cloudinary.com/oceanbim/image/upload/v1670585682/marketing/Web%20design/FormworkForConcrete/Projects/MBR/formwork-concrete-design-oceanbim-mbr1_fkefsh.jpg,,842,595,Detailed formwork design drawing for concrete walls,project:brb-mbr-structure,marketing/Web design/FormworkForConcrete/Projects/MBR/formwork-concrete-design-oceanbim-mbr1_fkefsh
https://res.cloudinary.com/oceanbim/image/upload/v1670816093/marketing/Web%20design/FormworkForConcrete/Branchs/ulma_uxnhjx.png,,451,112,ULMA Construction formwork panels for concrete wall pouring,home,marketing/Web design/FormworkForConcrete/Branchs/ulma_uxnhjx
https://res.cloudinary.com/oceanbim/image/upload/v1791378478/formworkforconcrete.com/clients/cr-concrete-construction.png,,528,31,"C&R Concrete Construction, Inc. logo",home,formworkforconcrete.com/clients/cr-concrete-construction
https://res.cloudinary.com/oceanbim/image/upload/v1791378448/formworkforconcrete.com/clients/gael-form.png,,110,104,Gael Form Ltd. logo,home,formworkforconcrete.com/clients/gael-form
https://res.cloudinary.com/oceanbim/image/upload/v1791378449/formworkforconcrete.com/clients/l7-construction.png,,500,309,"L7 Construction, Inc. logo",home,formworkforconcrete.com/clients/l7-construction
https://res.cloudinary.com/oceanbim/image/upload/v1791378450/formworkforconcrete.com/clients/sercon-construction.png,,1637,328,Sercon Construction logo,home,formworkforconcrete.com/clients/sercon-construction
https://res.cloudinary.com/oceanbim/image/upload/v1791378450/formworkforconcrete.com/clients/wayne-e-swisher-cement-contractor.png,,180,85,"Wayne E. Swisher Cement Contractor, Inc. logo",home,formworkforconcrete.com/clients/wayne-e-swisher-cement-contractor
https://res.cloudinary.com/oceanbim/image/upload/v1791461892/formworkforconcrete.com/projects/fm-woods-wtp-wall-formwork/fmw-walls-3d-phase-2-1.png,,1801,1210,3D view of braced timber wall forms for pour phase 2.1,project:fm-woods-wtp-wall-formwork,formworkforconcrete.com/projects/fm-woods-wtp-wall-formwork/fmw-walls-3d-phase-2-1
https://res.cloudinary.com/oceanbim/image/upload/v1791461894/formworkforconcrete.com/projects/fm-woods-wtp-wall-formwork/fmw-phase-2-1-sheet.png,,2601,2072,"Formwork drawing for phase 2.1 with wall plan, panel schedule and waler schedule",project:fm-woods-wtp-wall-formwork,formworkforconcrete.com/projects/fm-woods-wtp-wall-formwork/fmw-phase-2-1-sheet
https://res.cloudinary.com/oceanbim/image/upload/v1791461896/formworkforconcrete.com/projects/fm-woods-wtp-wall-formwork/fmw-pile-cap-3d-phase-1.png,,1401,1400,"3D view of a plywood box form with walers and diagonal bracing, phase 1",project:fm-woods-wtp-wall-formwork,formworkforconcrete.com/projects/fm-woods-wtp-wall-formwork/fmw-pile-cap-3d-phase-1
https://res.cloudinary.com/oceanbim/image/upload/v1791461897/formworkforconcrete.com/projects/fm-woods-wtp-wall-formwork/fmw-phase-1-sheet.png,,2601,2072,"Phase 1 formwork drawing with plan, section, 3D views and panel schedule",project:fm-woods-wtp-wall-formwork,formworkforconcrete.com/projects/fm-woods-wtp-wall-formwork/fmw-phase-1-sheet
https://res.cloudinary.com/oceanbim/image/upload/v1791461899/formworkforconcrete.com/projects/chemical-storage-feed-system-formwork/chem-3d-pour-phases.png,,2600,2049,3D views of the four timber formwork pour phases for the chemical storage area,project:chemical-storage-feed-system-formwork,formworkforconcrete.com/projects/chemical-storage-feed-system-formwork/chem-3d-pour-phases
https://res.cloudinary.com/oceanbim/image/upload/v1791461900/formworkforconcrete.com/projects/chemical-storage-feed-system-formwork/chem-phase-1-2-sheet.png,,2600,2070,Formwork plans and sections for pour phases 1 and 2 with bracing details,project:chemical-storage-feed-system-formwork,formworkforconcrete.com/projects/chemical-storage-feed-system-formwork/chem-phase-1-2-sheet
https://res.cloudinary.com/oceanbim/image/upload/v1791461901/formworkforconcrete.com/projects/chemical-storage-feed-system-formwork/chem-bracing-details.png,,1801,531,"Details of the stake-and-brace support, slab edge form and block-out box",project:chemical-storage-feed-system-formwork,formworkforconcrete.com/projects/chemical-storage-feed-system-formwork/chem-bracing-details
https://res.cloudinary.com/oceanbim/image/upload/v1791461902/formworkforconcrete.com/projects/uc-davis-equine-center-formwork/ucd-3d-phase-5.png,,1801,645,"3D view of timber wall forms with Cam-Lock hardware and kicker braces, phase 5",project:uc-davis-equine-center-formwork,formworkforconcrete.com/projects/uc-davis-equine-center-formwork/ucd-3d-phase-5
https://res.cloudinary.com/oceanbim/image/upload/v1791461903/formworkforconcrete.com/projects/uc-davis-equine-center-formwork/ucd-cam-lock-detail.png,,1301,809,Block-out box and Cam-Lock tie detail with stiff-back clamps,project:uc-davis-equine-center-formwork,formworkforconcrete.com/projects/uc-davis-equine-center-formwork/ucd-cam-lock-detail
https://res.cloudinary.com/oceanbim/image/upload/v1791461904/formworkforconcrete.com/projects/uc-davis-equine-center-formwork/ucd-3d-phase-1.png,,1601,840,"3D view of slab edge forms with metal stakes and lumber braces, phase 1",project:uc-davis-equine-center-formwork,formworkforconcrete.com/projects/uc-davis-equine-center-formwork/ucd-3d-phase-1
https://res.cloudinary.com/oceanbim/image/upload/v1791461905/formworkforconcrete.com/projects/uc-davis-equine-center-formwork/ucd-phase-5-sheet.png,,2600,2108,"Phase 5 formwork drawing with wall plan, 3D view, panel and lumber schedules",project:uc-davis-equine-center-formwork,formworkforconcrete.com/projects/uc-davis-equine-center-formwork/ucd-phase-5-sheet
https://res.cloudinary.com/oceanbim/image/upload/v1791461906/formworkforconcrete.com/projects/villa-turks-and-caicos-formwork/villa-pour-map-overview.png,,2600,1957,Colour-coded pour map of a two-storey villa with 14 pour phases,project:villa-turks-and-caicos-formwork,formworkforconcrete.com/projects/villa-turks-and-caicos-formwork/villa-pour-map-overview
https://res.cloudinary.com/oceanbim/image/upload/v1791461907/formworkforconcrete.com/projects/villa-turks-and-caicos-formwork/villa-footing-formwork-sheet.png,,2601,2030,"Footing formwork plan with sections, wood panel and lumber schedules",project:villa-turks-and-caicos-formwork,formworkforconcrete.com/projects/villa-turks-and-caicos-formwork/villa-footing-formwork-sheet
https://res.cloudinary.com/oceanbim/image/upload/v1791461908/formworkforconcrete.com/projects/villa-turks-and-caicos-formwork/villa-footing-3d.png,,1200,1175,3D view of a typical timber footing form with lumber supports,project:villa-turks-and-caicos-formwork,formworkforconcrete.com/projects/villa-turks-and-caicos-formwork/villa-footing-3d
https://res.cloudinary.com/oceanbim/image/upload/v1791461909/formworkforconcrete.com/projects/hungry-horse-slab-shoring/hh-3d-slab-system.png,,1601,1290,3D view of the slab formwork: lumber joists on doubled lumber beams over steel props,project:hungry-horse-slab-shoring,formworkforconcrete.com/projects/hungry-horse-slab-shoring/hh-3d-slab-system
https://res.cloudinary.com/oceanbim/image/upload/v1791461910/formworkforconcrete.com/projects/hungry-horse-slab-shoring/hh-sections-sheet.png,,2600,1241,"Sections through the slab and beam formwork showing props, bracing and the beam detail",project:hungry-horse-slab-shoring,formworkforconcrete.com/projects/hungry-horse-slab-shoring/hh-sections-sheet
https://res.cloudinary.com/oceanbim/image/upload/v1791461911/formworkforconcrete.com/projects/hungry-horse-slab-shoring/hh-lumber-and-props-plan.png,,2600,2029,Slab and beam lumber plan next to the props support plan,project:hungry-horse-slab-shoring,formworkforconcrete.com/projects/hungry-horse-slab-shoring/hh-lumber-and-props-plan
https://res.cloudinary.com/oceanbim/image/upload/v1791461912/formworkforconcrete.com/projects/hungry-horse-slab-shoring/hh-site-shoring-wide.jpg,,1469,826,Site photo: steel props and timber beams supporting the slab and beam formwork,project:hungry-horse-slab-shoring,formworkforconcrete.com/projects/hungry-horse-slab-shoring/hh-site-shoring-wide
https://res.cloudinary.com/oceanbim/image/upload/v1791461913/formworkforconcrete.com/projects/hungry-horse-slab-shoring/hh-site-shoring-props.jpg,,1536,2048,Site photo: steel props under the beam and slab formwork,project:hungry-horse-slab-shoring,formworkforconcrete.com/projects/hungry-horse-slab-shoring/hh-site-shoring-props
https://res.cloudinary.com/oceanbim/image/upload/v1791461914/formworkforconcrete.com/projects/oid-paulsell-gate-structures-formwork/oid-gs1-3d.png,,2001,869,"3D views of gate structure GS1: braced wall form, end form and phase 2 box",project:oid-paulsell-gate-structures-formwork,formworkforconcrete.com/projects/oid-paulsell-gate-structures-formwork/oid-gs1-3d
https://res.cloudinary.com/oceanbim/image/upload/v1791461915/formworkforconcrete.com/projects/oid-paulsell-gate-structures-formwork/oid-gs1-sheet.png,,2600,2144,"Formwork drawing for gate structure GS1 with plans, sections, 3D views and bracket details",project:oid-paulsell-gate-structures-formwork,formworkforconcrete.com/projects/oid-paulsell-gate-structures-formwork/oid-gs1-sheet
https://res.cloudinary.com/oceanbim/image/upload/v1791461916/formworkforconcrete.com/projects/oid-paulsell-gate-structures-formwork/oid-a-bracket-details.png,,1401,1012,Details of the A-bracket T1 and T3 tie hardware on timber panels,project:oid-paulsell-gate-structures-formwork,formworkforconcrete.com/projects/oid-paulsell-gate-structures-formwork/oid-a-bracket-details
