url,status,final_url,title,meta_description,robots,canonical,h1,h2_count,html_lang,hreflang,og_title,og_description,og_image,jsonld_types,words
https://formworkforconcrete.com/,200,,"Formwork Design Services | Layouts, BOQ & Pour Sequences","Formwork and shoring design for concrete structures - buildable layouts, quantified BOQs and pour sequences. 50+ projects across the US, Canada and Australia.","index, follow, max-image-preview:large, max-snippet:-1, max-video-preview:-1",https://formworkforconcrete.com/,Formwork Design That Keeps Your Pour on Schedule,11,en-US,,Formwork Design Services for Concrete Structures,"Formwork and shoring design for concrete structures - buildable layouts, quantified BOQs and pour sequences. 50+ projects across the US, Canada and Australia.",https://formworkforconcrete.com/wp-content/uploads/2024/09/formwork-concrete-formwork-detailing-jpg.webp,"BreadcrumbList, ImageObject, Organization, ProfessionalService, WebPage, WebSite",1276
https://formworkforconcrete.com/author/pjzadb73wk/,200,,"pJZadB73Wk, Author at Formwork for concrete",,"index, follow, max-image-preview:large, max-snippet:-1, max-video-preview:-1",https://formworkforconcrete.com/author/pjzadb73wk/,Author: pJZadB73Wk,1,en-US,,pJZadB73Wk,,https://secure.gravatar.com/avatar/1b99a489a4504c071fd424d813864c639541f2654d5257f40854fcdfc429140f?s=500&d=mm&r=g,"BreadcrumbList, ImageObject, Organization, Person, ProfessionalService, ProfilePage, WebSite",277
https://formworkforconcrete.com/category/blog-post/,200,,Blog-post Archives - Formwork for concrete,,"index, follow, max-image-preview:large, max-snippet:-1, max-video-preview:-1",https://formworkforconcrete.com/category/blog-post/,Category: Blog-post,1,en-US,,Blog-post Archives,All of the Formwork for Concrete Blog posts,,"BreadcrumbList, CollectionPage, ImageObject, Organization, ProfessionalService, WebSite",277
https://formworkforconcrete.com/contact-us/,200,,Contact Us - Formwork for concrete,"Get in touch with us for all your concrete formwork design needs. Whether you're working on foundations, walls, slabs, or complex structures, our team is here to provide expert solutions","index, follow, max-image-preview:large, max-snippet:-1, max-video-preview:-1",https://formworkforconcrete.com/contact-us/,Reach Out for a Free Consultation and Quote,1,en-US,,Contact Us,"Get in touch with us for all your concrete formwork design needs. Whether you're working on foundations, walls, slabs, or complex structures, our team is here to provide expert solutions",https://formworkforconcrete.com/wp-content/uploads/2024/10/house-or-villa-under-construction-using-modern-tec-min-scaled.webp,"BreadcrumbList, ImageObject, Organization, ProfessionalService, WebPage, WebSite",268
https://formworkforconcrete.com/designing-formwork-for-concrete-with-wood-lumber-panels/,200,,Designing Formwork for Concrete with Wood Lumber and Panels,"Discover how to design formwork for concrete using wood lumber and panels, plus expert formwork design services for efficient construction.","index, follow, max-image-preview:large, max-snippet:-1, max-video-preview:-1",https://formworkforconcrete.com/designing-formwork-for-concrete-with-wood-lumber-panels/,How to Design Formwork for Concrete Using Wood Lumber and Panels,1,en-US,,How to Design Formwork for Concrete Using Wood Lumber and Panels,"Discover how to design formwork for concrete using wood lumber and panels, plus expert formwork design services for efficient construction.",https://formworkforconcrete.com/wp-content/uploads/2024/10/handmade-scaffolding-with-wooden-beams-and-bars-in-min-scaled.jpg,"Article, BreadcrumbList, ImageObject, Organization, Person, ProfessionalService, WebPage, WebSite",380
https://formworkforconcrete.com/find-expert-formwork-engineers-and-designers-for-your-project/,200,,Hire Expert Formwork Engineers & Designers,"Formwork design for soffits, walls and capping beams using Peri, Doka and Titan systems, with detailed layouts and estimating support for your project.","index, follow, max-image-preview:large, max-snippet:-1, max-video-preview:-1",https://formworkforconcrete.com/find-expert-formwork-engineers-and-designers-for-your-project/,Find Expert Formwork Engineers and Designers for Your Project,1,en-US,,Find Expert Formwork Engineers and Designers for Your Project,"Formwork design for soffits, walls and capping beams using Peri, Doka and Titan systems, with detailed layouts and estimating support for your project.",https://formworkforconcrete.com/wp-content/uploads/2024/11/architects-and-engineers-are-working-together-to-e-min-scaled.jpg,"Article, BreadcrumbList, ImageObject, Organization, Person, ProfessionalService, WebPage, WebSite",339
https://formworkforconcrete.com/formwork-design-for-a-suspended-concrete-slab/,200,,Formwork Design for a Suspended Concrete Slab,"Key components, load calculations and deflection control for suspended slab formwork: decking, props, beams and joists explained by our engineers.","index, follow, max-image-preview:large, max-snippet:-1, max-video-preview:-1",https://formworkforconcrete.com/formwork-design-for-a-suspended-concrete-slab/,Formwork Design for a Suspended Concrete Slab,1,en-US,,Formwork Design for a Suspended Concrete Slab,"Key components, load calculations and deflection control for suspended slab formwork: decking, props, beams and joists explained by our engineers.",https://formworkforconcrete.com/wp-content/uploads/2024/10/formwork-supports-the-second-floor-of-a-monolithic-min-scaled.webp,"Article, BreadcrumbList, ImageObject, Organization, Person, ProfessionalService, WebPage, WebSite",343
https://formworkforconcrete.com/formwork-shop-drawings-and-construction-joint-layout/,200,,Formwork Shop Drawings & Construction Joint Layout Guide,"How formwork shop drawings and construction joint layouts work together to protect structural integrity, control pour phasing and cut costly rework.","index, follow, max-image-preview:large, max-snippet:-1, max-video-preview:-1",https://formworkforconcrete.com/formwork-shop-drawings-and-construction-joint-layout/,Formwork Shop Drawings and Construction Joint Layout,1,en-US,,Formwork Shop Drawings and Construction Joint Layout,"How formwork shop drawings and construction joint layouts work together to protect structural integrity, control pour phasing and cut costly rework.",https://formworkforconcrete.com/wp-content/uploads/2024/10/formwork-concrete-design-pourmap-2.jpg,"Article, BreadcrumbList, ImageObject, Organization, Person, ProfessionalService, WebPage, WebSite",362
https://formworkforconcrete.com/how-to-design-formwork-and-scaffolding-components/,200,,How to Design Formwork and Scaffolding Components,"A five-step method for configuring Doka, PERI and Titan formwork and scaffolding: system selection, panel layout, bracing and pre-pour inspection.","index, follow, max-image-preview:large, max-snippet:-1, max-video-preview:-1",https://formworkforconcrete.com/how-to-design-formwork-and-scaffolding-components/,How to Design Formwork and Scaffolding Components,1,en-US,,How to Design Formwork and Scaffolding Components,"A five-step method for configuring Doka, PERI and Titan formwork and scaffolding: system selection, panel layout, bracing and pre-pour inspection.",https://formworkforconcrete.com/wp-content/uploads/2025/03/Design-Formwork-and-Scaffolding-Components.jpeg,"Article, BreadcrumbList, ImageObject, Organization, Person, ProfessionalService, WebPage, WebSite",351
https://formworkforconcrete.com/news/,200,,News - Formwork for concrete,Stay updated with the latest insights and news from the world of concrete formwork design.,"index, follow, max-image-preview:large, max-snippet:-1, max-video-preview:-1",https://formworkforconcrete.com/news/,Formwork Design News & Insights,1,en-US,,News,Stay updated with the latest insights and news from the world of concrete formwork design.,,"BreadcrumbList, Organization, ProfessionalService, WebPage, WebSite",297
https://formworkforconcrete.com/projects/,200,,Concrete Formwork Design Projects - Formwork for concrete,"Comprehensive Concrete Formwork Design Services: Precision Engineering for Foundations, Walls, Slabs, and Complex Structures","index, follow, max-image-preview:large, max-snippet:-1, max-video-preview:-1",https://formworkforconcrete.com/projects/,Our Works,13,en-US,,Projects,"Comprehensive Concrete Formwork Design Services: Precision Engineering for Foundations, Walls, Slabs, and Complex Structures",https://formworkforconcrete.com/wp-content/uploads/2024/10/high-rise-building-under-construction-min-scaled.webp,"BreadcrumbList, ImageObject, Organization, ProfessionalService, WebPage, WebSite",540
https://formworkforconcrete.com/projects/ajax-foundation/,200,,Foundation Formwork Planning & Detailing Services,"Foundation formwork planning and detailing for a phased furnace foundation replacement, including system formwork assembly and formwork take-off.","index, follow, max-image-preview:large, max-snippet:-1, max-video-preview:-1",https://formworkforconcrete.com/projects/ajax-foundation/,Ajax Tocco 85 Ton Furnace Foundation,5,en-US,,Ajax Tocco 85 Ton Furnace Foundation,"Foundation formwork planning and detailing for a phased furnace foundation replacement, including system formwork assembly and formwork take-off.",https://formworkforconcrete.com/wp-content/uploads/2024/10/ajax-foundation-concrete-formwork-cover_anloro-jpg.webp,"BreadcrumbList, ImageObject, Organization, ProfessionalService, WebPage, WebSite",461
https://formworkforconcrete.com/projects/brb-mbr-structure/,200,,BRB & MBR Structure - Formwork for concrete,"Comprehensive formwork design for walls, slabs, beams, and columns, ensuring precision, safety, and durability during concrete pouring","index, follow, max-image-preview:large, max-snippet:-1, max-video-preview:-1",https://formworkforconcrete.com/projects/brb-mbr-structure/,BRB & MBR Structure,3,en-US,,BRB & MBR Structure,"Comprehensive formwork design for walls, slabs, beams, and columns, ensuring precision, safety, and durability during concrete pouring",https://formworkforconcrete.com/wp-content/uploads/2024/10/mbr-concrete-formwork_dylwgi-jpg.webp,"BreadcrumbList, ImageObject, Organization, ProfessionalService, WebPage, WebSite",400
https://formworkforconcrete.com/projects/formwork-belle-project/,200,,Belle Villa Formwork Design on a Sloped Site,"Formwork design for a villa on a sloped site, using wood lumber and panel materials to suit the complex geometry of the slab concrete structure.","index, follow, max-image-preview:large, max-snippet:-1, max-video-preview:-1",https://formworkforconcrete.com/projects/formwork-belle-project/,Formwork Belle Projects,3,en-US,,Formwork Belle Projects,"Formwork design for a villa on a sloped site, using wood lumber and panel materials to suit the complex geometry of the slab concrete structure.",https://formworkforconcrete.com/wp-content/uploads/2024/10/ptf_formwork_3d-1-jpg.webp,"BreadcrumbList, ImageObject, Organization, ProfessionalService, WebPage, WebSite",345
https://formworkforconcrete.com/projects/formwork-core-walls/,200,,Elevator Core Wall Formwork Design with Soloform,"Core wall formwork design developed from architectural and structural drawings using Soloform, detailed so no additional on-site data is needed.","index, follow, max-image-preview:large, max-snippet:-1, max-video-preview:-1",https://formworkforconcrete.com/projects/formwork-core-walls/,Elevator Walls,3,en-US,,Elevator Walls,"Core wall formwork design developed from architectural and structural drawings using Soloform, detailed so no additional on-site data is needed.",https://formworkforconcrete.com/wp-content/uploads/2024/10/soloform-concrete-formwork_shp7t0-jpg.webp,"BreadcrumbList, ImageObject, Organization, ProfessionalService, WebPage, WebSite",387
https://formworkforconcrete.com/projects/formwork-new-house-doka/,200,,Doka Slab Formwork Design for a Multi-Story Villa,"Formwork design for a new multi-story villa with concrete pouring across multiple floors, using the Doka formwork system as the primary slab solution.","index, follow, max-image-preview:large, max-snippet:-1, max-video-preview:-1",https://formworkforconcrete.com/projects/formwork-new-house-doka/,New House Building,3,en-US,,New House Building,"Formwork design for a new multi-story villa with concrete pouring across multiple floors, using the Doka formwork system as the primary slab solution.",https://formworkforconcrete.com/wp-content/uploads/2024/10/formwork-new-building-doka-3d-jpg.webp,"BreadcrumbList, ImageObject, Organization, ProfessionalService, WebPage, WebSite",346
https://formworkforconcrete.com/projects/formwork-peitro-carnaghi-foudation/,200,,Pietro Carnaghi Machine Foundation Formwork Design,"Formwork design for a machine foundation built over a partially demolished structure, including Stelcore pile removal and alignment coordination.","index, follow, max-image-preview:large, max-snippet:-1, max-video-preview:-1",https://formworkforconcrete.com/projects/formwork-peitro-carnaghi-foudation/,Pietro Carnaghi Foundation,3,en-US,,Pietro Carnaghi Foundation,"Formwork design for a machine foundation built over a partially demolished structure, including Stelcore pile removal and alignment coordination.",https://formworkforconcrete.com/wp-content/uploads/2024/10/nfpc-concrete-formwork_kdk8fo-jpg.webp,"BreadcrumbList, ImageObject, Organization, ProfessionalService, WebPage, WebSite",394
https://formworkforconcrete.com/projects/formwork-preliminary-treatment-facility/,200,,Preliminary Treatment Facility Formwork Design,"Formwork design and panel scheduling for walls, slabs, beams and columns on a two-story preliminary treatment facility, engineered for pour pressures.","index, follow, max-image-preview:large, max-snippet:-1, max-video-preview:-1",https://formworkforconcrete.com/projects/formwork-preliminary-treatment-facility/,Preliminary Treatment Facility,3,en-US,,Preliminary Treatment Facility,"Formwork design and panel scheduling for walls, slabs, beams and columns on a two-story preliminary treatment facility, engineered for pour pressures.",https://formworkforconcrete.com/wp-content/uploads/2024/10/ptf-concrete-formwork_hmlbfb-jpg.webp,"BreadcrumbList, ImageObject, Organization, ProfessionalService, WebPage, WebSite",403
https://formworkforconcrete.com/projects/formwork-spring-creek-auxiliary-foundation/,200,,Spring Creek Effluent Chamber Formwork Drawings,"Formwork design drawings for reconstruction of an effluent chamber structure, with specifications and dimensions for efficient on-site assembly.","index, follow, max-image-preview:large, max-snippet:-1, max-video-preview:-1",https://formworkforconcrete.com/projects/formwork-spring-creek-auxiliary-foundation/,Spring Creek Auxiliary Foundation,3,en-US,,Spring Creek Auxiliary Foundation,"Formwork design drawings for reconstruction of an effluent chamber structure, with specifications and dimensions for efficient on-site assembly.",https://formworkforconcrete.com/wp-content/uploads/2024/10/wpcp-concrete-formwork_kbjd7q-jpg.webp,"BreadcrumbList, ImageObject, Organization, ProfessionalService, WebPage, WebSite",393
https://formworkforconcrete.com/projects/kyle-dam-foundation/,200,,Kyle Dam Formwork Design & Gang Form Detailing,"Formwork design for two new retaining walls on an existing longitudinal dam slab, using a custom gang form system with cross waterstop detailing.","index, follow, max-image-preview:large, max-snippet:-1, max-video-preview:-1",https://formworkforconcrete.com/projects/kyle-dam-foundation/,Kyle Dam,3,en-US,,Kyle Dam,"Formwork design for two new retaining walls on an existing longitudinal dam slab, using a custom gang form system with cross waterstop detailing.",https://formworkforconcrete.com/wp-content/uploads/2024/10/kyle-damp-concrete-formwork-min_hwrqaj-jpg.webp,"BreadcrumbList, ImageObject, Organization, ProfessionalService, WebPage, WebSite",368
https://formworkforconcrete.com/projects/outlet-spillway-dam/,200,,Outlet Spillway Dam Formwork Design & Detailing,"Formwork design for a complex spillway slab extension with slopes in both directions, using Symons formwork with reinforcement detailing per section.","index, follow, max-image-preview:large, max-snippet:-1, max-video-preview:-1",https://formworkforconcrete.com/projects/outlet-spillway-dam/,Outlet Spillway Dam,3,en-US,,Outlet Spillway Dam,"Formwork design for a complex spillway slab extension with slopes in both directions, using Symons formwork with reinforcement detailing per section.",https://formworkforconcrete.com/wp-content/uploads/2024/10/spillway-overview.png,"BreadcrumbList, ImageObject, Organization, ProfessionalService, WebPage, WebSite",379
https://formworkforconcrete.com/projects/pretreatment-structure-foudation-and-intermediate/,200,,Pretreatment Structure Formwork Detailing & Design,"Formwork detailing and design for a water treatment project, covering the foundation, wall and intermediate slab structures.","index, follow, max-image-preview:large, max-snippet:-1, max-video-preview:-1",https://formworkforconcrete.com/projects/pretreatment-structure-foudation-and-intermediate/,Pretreatment Structure Foundation and Intermediate Slab,3,en-US,,Pretreatment Structure Foundation and Intermediate Slab,"Formwork detailing and design for a water treatment project, covering the foundation, wall and intermediate slab structures.",https://formworkforconcrete.com/wp-content/uploads/2024/10/formwork-pretreatment-structure-3d-1-jpg.webp,"BreadcrumbList, ImageObject, Organization, ProfessionalService, WebPage, WebSite",334
